_unit_id,_golden,_unit_state,_trusted_judgments,_last_judgment_at,what_is_the_authors_sentiment_feeling_in_this_text_or_what_emotion_does_this_text_convey,what_is_the_authors_sentiment_feeling_in_this_text_or_what_emotion_does_this_text_convey:confidence,tweet_emotion,tweet_id,tweet_text,what_is_the_authors_sentiment_feeling_in_this_text_or_what_emotion_does_this_text_convey_gold
2687400298,false,finalized,5,3/14/2020 15:51:52,5,0.6,fear,1236697823485149185,"The thing you  fear that you will  loose is already  lost . you are almost 40 , no kids , last of your surname .  NoHope for passing on a  legacy .  Disappointment ?  Confusion ?   Depression ? You did not want to loose a possible  MeaningOfLife . Welcome to your  dystopian future .",
2687400299,false,finalized,5,3/14/2020 16:49:02,6,0.2,fear,1236677699248304129,Spider In My Mouth üï∑ üëÑ Tried to paint it using face paints üé® on my hand Inspired by awesomeblossomart  lips  redlips  spider  mouth  fear  eat  eatingspiders  freak  likeatattoo  armdesign  facepainting‚Ä¶,
2687400300,false,finalized,5,3/14/2020 14:54:38,5,0.6,fear,1236496023616290817,Here ‚Äô s a post I have written about fear . Please read it if you have the time üñ§,
2687400301,false,finalized,5,3/14/2020 14:54:38,2,0.8,fear,1236592711982911489,9am : coffee shop packed 9pm : bowling alley packed,
2687400302,false,finalized,5,3/14/2020 14:56:37,5,0.8,fear,1236686686500732928,"Why leave in  fear ?  CoronavirusUSA  coronavirus does not kill health people . Eat good , be happy , be safe , love ur partner and have a good sex life . Enjoy life and feel alive .",
2687400303,false,finalized,5,3/14/2020 14:21:42,5,0.4,fear,1236678661106888704,"You  win some , you  lose some , you  fear some .",
2687400304,false,finalized,5,3/14/2020 16:49:02,5,0.6,fear,1236485607993405440,What if you could face  challenges with less  fear  amp ;  insecurities ? What is your  selfconfidence based on ?,
2687400305,false,finalized,5,3/14/2020 14:54:38,5,0.8,fear,1236607756066590720,"Dark Mind  A short , disturbing , instrumental horror track .  horror  thriller  terror  film  theat‚Ä¶",
2687400306,false,finalized,5,3/14/2020 15:51:52,3,0.4,fear,1236732103741620226,But have you actually tried just taking a bath ? ,
2687400307,false,finalized,5,3/14/2020 15:05:32,5,0.6,fear,1236521223502401539,let us GET THIS SHIZZ ROLLIN  ! ! !  twitchaffiliate  gruntstyle  Twitch  fearclan  fear  USMC  supportsmallstreamers  supports‚Ä¶,
2687400308,false,finalized,5,3/14/2020 15:20:26,5,0.4,fear,1236487604004143105," I learned that courage was not the absence of fear , but the triumph over it . The brave man is not he who does not feel afraid , but he who conquers that fear .  Nelson Mandela quotes  fear  triumph success",
2687400309,false,finalized,5,3/14/2020 15:53:17,6,0.4,fear,1236541783590547456, Permission to  fail is the concept that I developed and believed for long now because I think it is more effective way towards success . One has to let go of  fear of being a  failure in order to become  successful . Failure is a step closer to success .,
2687400310,false,finalized,5,3/14/2020 14:48:18,5,0.8,fear,1236693837227188227,Dreaded Tales : A Short  Horror Story Collection  paranormal üëª  psychological  fear üò±  slasher üî™  zombies üßü‚Äç‚ôÇÔ∏èüßü‚Äç‚ôÄÔ∏è  superna‚Ä¶,
2687400311,false,finalized,5,3/14/2020 14:56:37,5,0.8,fear,1236679720307175426,The Latest : Mideast stock markets sharply drop on  virus  fear  Mar 8  11:44 AM ET,
2687400312,false,finalized,5,3/14/2020 15:53:17,4,0.8,fear,1236633900916584450,"‚Äú What I came to realize is that fear , that is the worst of it . that is the real enemy . So , get up , get out in the real world and you kick that bastard as hard you can right in the teeth. ‚Äù  Walter White .",
2687400313,false,finalized,5,3/14/2020 15:50:32,4,0.6,fear,1236456308938686464," Australia  amp ;  USA .. unhealthy selfish societies ‚§µÔ∏è Ugly  hate  amp ;  Fear from  media , Governments  amp ; here we are .  auspol‚Ä¶",
2687400314,false,finalized,5,3/14/2020 15:23:17,5,0.8,fear,1236652580928925696," COVID19 will not kill us , but",
2687400315,false,finalized,5,3/14/2020 15:23:04,2,0.4,fear,1236724941212585985,"üì£ New Podcast !  Q  amp ; A  8  Curveball Efficiency , Should You Do Driveline , Velo Reads on a Budget  More  on",
2687400316,false,finalized,5,3/14/2020 15:20:47,5,0.6,fear,1236684116571099138, fear is fucked up !  spirit is REAL,
2687400317,false,finalized,5,3/14/2020 15:51:50,2,1.0,fear,1236674725826506752,"Okay . Normal . Living with most Welcome to my world ,",
2687400318,false,finalized,5,3/14/2020 14:21:42,1,0.8,happy,1236018521836052480,Fridaycuckoo mood .,
2687400319,false,finalized,5,3/14/2020 15:05:32,2,0.4,happy,1237062388651827200,Major throwback ... missing those days .  peace  love  life  nature  happiness  photography  meditation  art  joy  instagood  happy  god  faith  music  hope  instagram  travel  yoga  freedom  motivation  inspiration‚Ä¶,
2687400320,false,finalized,5,3/14/2020 15:50:32,5,0.6,happy,1238578982926405632,Smaller churches face bigger problems .  Image credit : Saul LoebAFP via Getty Images ,
2687400321,false,finalized,5,3/14/2020 15:29:47,4,0.6,happy,1235171802869006337,let us keep it pushing,
2687400322,false,finalized,5,3/14/2020 15:05:32,2,0.8,happy,1236755483991605249,"A true friend stay forever beyond words , distance , time .  love  royal  unconditional  joy  happiness  nature  travel  twitt‚Ä¶",
2687400323,false,finalized,5,3/14/2020 15:17:48,1,1.0,happy,1235921043145060353,Just a Happy doggy and an open field ‚ù§Ô∏è,
2687400324,false,finalized,5,3/14/2020 15:49:15,2,0.8,happy,1234144985051729921,Good night üåÉ,
2687400325,false,finalized,5,3/14/2020 14:53:07,2,0.8,happy,1238543908914835456,Thought of the day  good thought,
2687400326,false,finalized,5,3/14/2020 14:21:19,1,0.6,happy,1236997812895789058,Gm folks  blessings  love  blessed  god  faith  peace  life  happiness  grateful  family  gratitude  jesus  motivation  thankful  happy  prayer  joy  inspiration  positivevibes  happynewyear  godisgood  pray‚Ä¶,
2687400327,false,finalized,5,3/14/2020 15:49:15,2,0.8,happy,1236218728892809221,Very nice presentation last nite Fola with Herlin Riley ‚Äô s cousin Mister James Andrews the brother of ‚Äú ‚Ä¶,
2687400328,false,finalized,5,3/14/2020 15:20:26,2,0.8,happy,1238555598024736776," peter  mccormack ,  host of  ‚Äú what  bitcoin  did , ‚Äù  discusses what makes a",
2687400329,false,finalized,5,3/14/2020 15:29:54,1,1.0,happy,1234066435531395073,"La multi ani de  martisor üíêSa aveti o primavara minunata ! Happy  springtime ü¶ã In Romania we celebrate the beginning of  springtime today , when the nature blossoms it is",
2687400330,false,finalized,5,3/14/2020 15:29:47,2,0.6,happy,1235233874059440128,CLINK ! Connect with people with similar journeys as you ! Join our support group ! Log into Facebook  Facebook,
2687400331,false,finalized,5,3/14/2020 14:21:19,3,0.6,happy,1235656859106693120, HappyFillTheBlank : Is it a person ? A song ? A place ?,
2687400332,false,finalized,5,3/14/2020 14:48:18,6,0.8,happy,1234516446350200832,the latest podcast ‚Äì the latest blog post ‚Äì,
2687400333,false,finalized,5,3/14/2020 15:20:47,3,0.6,happy,1234848344092168194,Whoever thinks they can talk you into any mind games is in for a surprise . They will be disappointed ... speak honestly  amp ; openly !,
2687400334,false,finalized,5,3/14/2020 15:17:48,1,0.4,happy,1234716317875179523,"‚Äú We travel not to escape life , but for life not to escape us ‚Äù     we  travel  traveling  traveler  travelholic  travelgram  success  happy  beautiful  happiness  fun  love  care  share  joy  december  laugh‚Ä¶",
2687400335,false,finalized,5,3/14/2020 16:49:03,1,0.8,happy,1236965791628656645,Daily  affirmations  inspiration  motivation  open  awareness  beauty  joy  illuminate  experience  life  light  newthought  kindness  love  peace  grateful  happy ‚ù§Ô∏è‚òÆÔ∏èüôèüòä‚úåÔ∏è‚ù§Ô∏è,
2687400336,false,finalized,5,3/14/2020 15:51:50,1,0.8,happy,1238534837264420865,it is 7th Anniversary . Thank you for all your Love and Support One Place a Better YOU ! call 781.321.2000,
2687400337,false,finalized,5,3/14/2020 15:29:54,1,0.8,happy,1236769941501677570,Happy Women Day ! My favorite woman in the word ‚ù§Ô∏è  girlpower  womensday  happy  live  love  thankful  gratefulheart  greatfulforlife  girlsareawesome  fun  joy  everydayisagift  majaarnold ‚ù§Ô∏è,
2687400338,false,finalized,5,3/14/2020 15:49:15,4,0.8,anger,1235658885861699585, Almost everyone who suffers from addiction has trauma in their past and struggles with how to process the pain from those events  . Struggling to navigate feelings of  anger are common in  addiction  recovery . ,
2687400339,false,finalized,5,3/14/2020 15:20:47,4,1.0,anger,1236328306741587968, Aggression in  children requires early intervention . Here are some tips to help you and your child learn how to deal with  angerüò° .,
2687400340,false,finalized,5,3/14/2020 15:50:04,4,0.8,anger,1235629946036355072,"When unexpected events disrupt what we expect to occur , we get angry . what is the  anger all about ?",
2687400341,false,finalized,5,3/14/2020 15:23:17,4,1.0,anger,1236543315186577409,lia me no like you because I say you ignore me but you make tweet and you think you happy but me no happy grrrr,
2687400342,false,finalized,5,3/14/2020 15:20:47,4,0.8,anger,1236246912321433600,What Makes You Lose Your Temper ?,
2687400343,false,finalized,5,3/14/2020 15:56:06,4,0.4,anger,1236647114526142466,"When you find yourself in the middle of  hardship , overwhelmed with  fear ,  anger ,  sorrow , or any other  painful  emotions , there is always a way out . Here are ten  HelpfulTips on getting through tough times in life :",
2687400344,false,finalized,5,3/14/2020 15:50:04,2,0.6,anger,1236732137174372352,"Keeping a cool head in trying situations , especially within the home and the workplace is key to a harmonious life filled with kindness . But just how do you go about it ? Try this solution , free ",
2687400345,false,finalized,5,3/14/2020 15:23:17,4,0.6,anger,1236557517918031872,Here s an article with the one simple tip to let go of  anger and  frustration and how to pull yourself out of depression ...,
2687400346,false,finalized,5,3/14/2020 15:56:06,4,0.6,anger,1236295283304271874,"I am ANGRY ! I am OUTRAGED ! Not really . I am actually in a good mood , but expressing rage seems to be popular on Twitter , so here is a drawing of of some rage .",
2687400347,false,finalized,5,3/14/2020 14:51:35,4,0.8,anger,1235380724091543552,"Anger Management Expert , Educator , Researcher , Mediator , Entrepreneur , and Talk Show Host Dr. Vicki D. Coleman on The Cure Radio Show with Aimee Cabo , this Sat March 7 , 1 PM est .",
2687400348,false,finalized,5,3/14/2020 15:20:26,4,1.0,anger,1236903811253297152,I want to kill you and destroy you . I want you died and I want Flint back .,
2687400349,false,finalized,5,3/14/2020 14:55:18,2,0.6,anger,1236668517103042562,Keep your insights but turn the volume up or down on your delivery . that is how you meet people where they are .,
2687400350,false,finalized,5,3/14/2020 15:20:26,2,0.8,anger,1236555828989177858,Cool Down Strategies for Kids help kids  cope with,
2687400351,false,finalized,5,3/14/2020 15:05:32,4,1.0,anger,1235639367823020032,"When we are angry we can turn that anger inward . Bad things then happen . Things like addictions , eating disorders , saying hurtful things to ourselves and others . An excellent article by my friend , psychotherapist Esther :",
2687400352,false,finalized,5,3/14/2020 14:54:38,2,0.4,anger,1237065674771632128,When you laugh you destroy all those feelings of  anger in  SevenDeadlySins . That is why I run  GiggleboxL to help with nasty feelings that lurk in our souls,
2687400353,false,finalized,5,3/14/2020 15:17:48,4,0.6,anger,1236287205024251904,"I wanted to write  Case Aapke Baba Ladenge  . But in the expression of  Anger  I wrote ,  Case Tumhara Baap Ladega  .",
2687400354,false,finalized,5,3/14/2020 15:56:06,4,1.0,anger,1235728744658219009,Kottonmouth Kings  Peace Not Greed via I got to say I threw away a sweatshirt  I may have fallen off ? prettymuch  trans too many labels for me to keep with I still have the megaphone üì£vibe  anger is  power but I can not yell all the time .,
2687400355,false,finalized,5,3/14/2020 15:29:54,2,0.6,anger,1235974789304590338,Tip of the day : Meditation is one of the best tools for  anger management,
2687400356,false,finalized,5,3/14/2020 15:05:32,4,0.8,anger,1235778432715366400,Why is everyone so angry and anxious ?,
2687400357,false,finalized,5,3/14/2020 14:54:38,6,0.6,anger,1235596591106580481,there is a middle road between stuffing your emotions and letting frustration get to you : Calibrate !,
2687400358,false,finalized,5,3/14/2020 15:51:50,2,0.8,excitement,1237257707469582336, exciting new photos just added ! ! ! !,
2687400359,false,finalized,5,3/14/2020 15:17:48,1,0.6,excitement,1236495629179912192,New  exciting photos just added ! !,
2687400360,false,finalized,5,3/14/2020 15:53:17,6,0.6,excitement,1236715757729275904,The 3 basic levels of excitment to reading Hegel are thus :  13 : Hegel is  exciting when the first level of clarity begins where the ordinary words on the page begin making sense and you are not experiencing the pure unmitigated frustration of negation .,
2687400361,false,finalized,5,3/14/2020 15:56:06,6,0.6,excitement,1236925821241012224,I can not wait till  BigShow next school year because volunteering for Big Bash was cool but I can only imagine the hype of enjoying the crowd,
2687400362,false,finalized,5,3/14/2020 15:29:54,3,0.6,excitement,1237204822018818048,A new post from first Twitter .,
2687400363,false,finalized,5,3/14/2020 16:49:03,2,0.6,excitement,1236080451468615683,Play Mega888 ? Like and share to claim your bonus here with ! A real pickup for you !,
2687400364,false,finalized,5,3/14/2020 14:53:07,6,0.4,excitement,1235996553199771649,What on earth do we have planned at next week ? ?,
2687400365,false,finalized,5,3/14/2020 15:29:47,1,0.6,excitement,1236913475894407173,"It was an  amazing ,  exciting  amp ;  awesome  conference this year we had  nullcon2020 , met a lot amount friends  amp ; colleagues ‚Å¶‚Å© ‚Å¶‚Å© ‚Å¶‚Å© ‚Å¶‚Å© ‚Å¶‚Å© ‚Å¶  mitkat was fun to interact",
2687400366,false,finalized,5,3/14/2020 15:52:28,2,0.6,excitement,1235957839916601347, cruftsscreen Waiting for the Flyball,
2687400367,false,finalized,5,3/14/2020 15:56:06,2,0.4,excitement,1236469600029749248,Play Kiss918  amp ; SCR888 With ? Like and share to claim your bonus here with ! Look for more exciting different casino games ?,
2687400368,false,finalized,5,3/14/2020 14:53:07,6,0.6,excitement,1235888722077462529,"BTW , do not forget to check out my  exciting photography !",
2687400369,false,finalized,5,3/14/2020 14:53:07,5,0.4,excitement,1237060586229374976,We have a countdown on the locked option on modern warfare . üò¨,
2687400370,false,finalized,5,3/14/2020 15:51:52,3,0.4,excitement,1236375037512421376,Tonight at 9 on Facebook !,
2687400371,false,finalized,5,3/14/2020 16:49:02,1,1.0,excitement,1236083454531510272,Yay ! I am so happy for ! Watching him on  belowdeckmed made me feel like a,
2687400372,false,finalized,5,3/14/2020 14:48:18,2,0.6,excitement,1236685235779231745,Play 918KISS  amp ; XE88 With ? Like and share to claim your bonus here with ! Check it out !,
2687400373,false,finalized,5,3/14/2020 15:29:47,1,0.6,excitement,1236188766018007042, exciting ! Looking forward to watch our legendary cricketers in action .,
2687400374,false,finalized,5,3/14/2020 15:20:26,2,0.6,excitement,1237260919111114752,"Our first session completed ‚úîÔ∏èas we journey as a ‚Äò Research School ‚Äô . Time to engage in Professional Dialogue , time to stop , ‚úãüèª discuss  amp ; reflect within our own schools too  amp ; map our journey forward",
2687400375,false,finalized,5,3/14/2020 15:50:32,6,0.4,excitement,1236800018377572353, subscribe to our  weekly  newsletter  amp ;  FindYourRoute  InsideOasis this week ; SINGLES  amp ; COUPLES welcome .  exciting  events  amp ; great  articles from our sexpositive  community  amp ; beyond .,
2687400376,false,finalized,5,3/14/2020 15:17:48,6,0.4,excitement,1236211664124547073,Play Mega888 ? Like and share to claim your bonus here with ! Check it out !,
2687400377,false,finalized,5,3/14/2020 15:20:47,1,0.6,excitement,1237313373890588672,101 Followers ! Thanks  XDB army ! To the 200 we go !,
2687400378,false,finalized,5,3/14/2020 14:56:37,5,0.4,pleasant,1238053655598657537,sorry,
2687400379,false,finalized,5,3/14/2020 15:49:15,3,0.4,pleasant,1236787609168379904,"Amazing season  sugarracers ! State runners up . No tryouts , no club fees , no cuts , no pickups . Just a bunch of close friends who love to play ball together .",
2687400380,false,finalized,5,3/14/2020 15:29:47,4,0.4,pleasant,1236741265280110592,"Do NOT sleep on the Singapore Mei Fun at Chico and Chang . Iowneen know what else is on the menu cuz this my jam and I am a real one  loyal Side of chili oil of course . When folks say ,  do not eat your feeljngs ,  I‚Ä¶",
2687400381,false,finalized,5,3/14/2020 14:49:57,3,0.4,pleasant,1236977207400189952,I am going to support who ever wins the nomination . My candidate dropped out and another one prior and those are the only two I would ever be  loyal as people now my loyalty is,
2687400382,false,finalized,5,3/14/2020 15:53:17,1,0.6,pleasant,1237167699790303233,is that time yet ?  humble  loyal  DM me bro chk the references MA üôÉü•∫ IG : FKkSleep1  youngmoney  vanguard  401k  rothIRA  connected üí™üèºüòèü§ó‚úàÔ∏èüëëüòáüëΩ üôèüèΩ,
2687400383,false,finalized,5,3/14/2020 15:51:50,3,0.8,pleasant,1237900189945356288,And how !,
2687400384,false,finalized,5,3/14/2020 16:18:55,1,0.6,pleasant,1237589699071365121,"A wonderful good morning to all  respectful and  loyal fans and hope , you had a wonderful Tuesday . Have a fantastic midweek and take care . Martina from Germany",
2687400385,false,finalized,5,3/14/2020 15:50:32,2,0.4,pleasant,1237699971358396416, mulanmovie is finally on Bluray ! for you to enjoy now . available on,
2687400386,false,finalized,5,3/14/2020 14:21:19,2,0.6,pleasant,1237091073723445248,alr saw it on insta üòä,
2687400387,false,finalized,5,3/14/2020 15:04:01,2,0.8,pleasant,1236707649942704129,"Happy International Women ‚Äô s Day to all the strong , beautiful , talented women out there ! Stay amazing ! üíï . . . . . A little bliss in every bite . . . . .  strong  confident  loyal  brave  beautiful  intelligent‚Ä¶",
2687400388,false,finalized,5,3/14/2020 15:51:52,2,0.6,pleasant,1237054347613102080,Yesterday morning my phone was not working and I had to go get my hair done . So I left my phone with my boyfriend and I took his phone . We had each other phones for a good 8 hours .,
2687400389,false,finalized,5,3/14/2020 15:53:17,1,0.6,pleasant,1236983448067346432,One satisfied customer üëç Give us a call and see what we can do for your business ‚òéÔ∏è,
2687400390,false,finalized,5,3/14/2020 14:53:07,3,0.4,pleasant,1238055757616013312,Girls  amp ; Boys send over all the shaved unbearded guys to learn The Smasru Way and we will school them into Men . Your beard is your one  amp ; only loyal wingman .,
2687400391,false,finalized,5,3/14/2020 15:51:52,2,0.4,pleasant,1237755940738392065,"We have a dedicated group of professionals that are waiting to care for you and your dental needs . Dental Group of South Florida üìç101 Westward Drive , Miami Springs , Florida 33166 . üìû  305  8851357 üíª",
2687400392,false,finalized,5,3/14/2020 15:51:50,2,0.6,pleasant,1238066379565096962,my gallery :,
2687400393,false,finalized,5,3/14/2020 15:50:04,4,0.6,pleasant,1237873119659880448,"Real ass chicks on some real ass shyt , taking real ass trips making real big flips ü§ëü§ë imjustaundrea  thesarahblack  friends  loyalty  loyal  countrygirl  Montego Bay , Jamaica",
2687400394,false,finalized,5,3/14/2020 14:48:18,2,0.6,pleasant,1237279454986027008,Have you heard ‚Äò Loyal  Dear Heavenly Father  ‚Äô by on,
2687400395,false,finalized,5,3/14/2020 15:29:54,2,0.6,pleasant,1236716960684994560,Celebrate  women every day . Eliminate discrimination . Full and equitable participation for women .,
2687400396,false,finalized,5,3/14/2020 15:23:17,2,0.6,pleasant,1236788590933356549,Remembering the most important women in my life . üíõ‚ôÄÔ∏èüíõ  InternationalWomensDay  Mother  Grandmother  pavedtheway  strong  nu‚Ä¶,
2687400397,false,finalized,5,3/14/2020 15:50:32,2,0.6,pleasant,1237586924073652225,Shop the  floral  summer  dress  for your  baby  girl from  Fashion  Playground ! This dress will not only provide a  stylish  look but also keep your tot  comfortable ! Also available in  pink .,
